<?xml version="1.0"?>
<font>
  <info face="okeydokey" size="14" bold="0" italic="0" charset="" unicode="1" stretchH="100" smooth="0" aa="1" padding="0,0,0,0" spacing="1,1" outline="0"/>
  <common lineHeight="24" base="12" scaleW="256" scaleH="256" pages="1" packed="0" alphaChnl="0" redChnl="3" greenChnl="3" blueChnl="3"/>
  <pages>
    <page id="0" file="okeydokey_0.png" />
  </pages>
  <chars count="26">
  <char id="65" x="0" y="0" width="12" height="22" xoffset="0" yoffset="0" xadvance="14" page="0" chnl="15" />
<char id="66" x="12" y="0" width="12" height="22" xoffset="0" yoffset="0" xadvance="14" page="0" chnl="15" />
<char id="67" x="24" y="0" width="12" height="22" xoffset="0" yoffset="0" xadvance="14" page="0" chnl="15" />
<char id="68" x="36" y="0" width="12" height="22" xoffset="0" yoffset="0" xadvance="14" page="0" chnl="15" />
<char id="69" x="48" y="0" width="12" height="22" xoffset="0" yoffset="0" xadvance="14" page="0" chnl="15" />
<char id="70" x="60" y="0" width="12" height="22" xoffset="0" yoffset="0" xadvance="14" page="0" chnl="15" />
<char id="71" x="72" y="0" width="12" height="22" xoffset="0" yoffset="0" xadvance="14" page="0" chnl="15" />
<char id="72" x="84" y="0" width="12" height="22" xoffset="0" yoffset="0" xadvance="14" page="0" chnl="15" />
<char id="73" x="96" y="0" width="12" height="22" xoffset="0" yoffset="0" xadvance="14" page="0" chnl="15" />
<char id="74" x="108" y="0" width="12" height="22" xoffset="0" yoffset="0" xadvance="14" page="0" chnl="15" />
<char id="75" x="120" y="0" width="12" height="22" xoffset="0" yoffset="0" xadvance="14" page="0" chnl="15" />
<char id="76" x="132" y="0" width="12" height="22" xoffset="0" yoffset="0" xadvance="14" page="0" chnl="15" />
<char id="77" x="144" y="0" width="12" height="22" xoffset="0" yoffset="0" xadvance="14" page="0" chnl="15" />
<char id="78" x="0" y="22" width="12" height="22" xoffset="0" yoffset="0" xadvance="14" page="0" chnl="15" />
<char id="79" x="12" y="22" width="12" height="22" xoffset="0" yoffset="0" xadvance="14" page="0" chnl="15" />
<char id="80" x="24" y="22" width="12" height="22" xoffset="0" yoffset="0" xadvance="14" page="0" chnl="15" />
<char id="81" x="36" y="22" width="12" height="22" xoffset="0" yoffset="0" xadvance="14" page="0" chnl="15" />
<char id="82" x="48" y="22" width="12" height="22" xoffset="0" yoffset="0" xadvance="14" page="0" chnl="15" />
<char id="83" x="60" y="22" width="12" height="22" xoffset="0" yoffset="0" xadvance="14" page="0" chnl="15" />
<char id="84" x="72" y="22" width="12" height="22" xoffset="0" yoffset="0" xadvance="14" page="0" chnl="15" />
<char id="85" x="84" y="22" width="12" height="22" xoffset="0" yoffset="0" xadvance="14" page="0" chnl="15" />
<char id="86" x="96" y="22" width="12" height="22" xoffset="0" yoffset="0" xadvance="14" page="0" chnl="15" />
<char id="87" x="108" y="22" width="12" height="22" xoffset="0" yoffset="0" xadvance="14" page="0" chnl="15" />
<char id="88" x="120" y="22" width="12" height="22" xoffset="0" yoffset="0" xadvance="14" page="0" chnl="15" />
<char id="89" x="132" y="22" width="12" height="22" xoffset="0" yoffset="0" xadvance="14" page="0" chnl="15" />
<char id="90" x="144" y="22" width="12" height="22" xoffset="0" yoffset="0" xadvance="14" page="0" chnl="15" />
<char id="97" x="0" y="44" width="12" height="22" xoffset="0" yoffset="0" xadvance="14" page="0" chnl="15" />
<char id="98" x="12" y="44" width="12" height="22" xoffset="0" yoffset="0" xadvance="14" page="0" chnl="15" />
<char id="99" x="24" y="44" width="12" height="22" xoffset="0" yoffset="0" xadvance="14" page="0" chnl="15" />
<char id="100" x="36" y="44" width="12" height="22" xoffset="0" yoffset="0" xadvance="14" page="0" chnl="15" />
<char id="101" x="48" y="44" width="12" height="22" xoffset="0" yoffset="0" xadvance="14" page="0" chnl="15" />
<char id="102" x="60" y="44" width="12" height="22" xoffset="0" yoffset="0" xadvance="14" page="0" chnl="15" />
<char id="103" x="72" y="44" width="12" height="22" xoffset="0" yoffset="0" xadvance="14" page="0" chnl="15" />
<char id="104" x="84" y="44" width="12" height="22" xoffset="0" yoffset="0" xadvance="14" page="0" chnl="15" />
<char id="105" x="96" y="44" width="12" height="22" xoffset="0" yoffset="0" xadvance="14" page="0" chnl="15" />
<char id="106" x="108" y="44" width="12" height="22" xoffset="0" yoffset="0" xadvance="14" page="0" chnl="15" />
<char id="107" x="120" y="44" width="12" height="22" xoffset="0" yoffset="0" xadvance="14" page="0" chnl="15" />
<char id="108" x="132" y="44" width="12" height="22" xoffset="0" yoffset="0" xadvance="14" page="0" chnl="15" />
<char id="109" x="144" y="44" width="12" height="22" xoffset="0" yoffset="0" xadvance="14" page="0" chnl="15" />
<char id="110" x="0" y="66" width="12" height="22" xoffset="0" yoffset="0" xadvance="14" page="0" chnl="15" />
<char id="111" x="12" y="66" width="12" height="22" xoffset="0" yoffset="0" xadvance="14" page="0" chnl="15" />
<char id="112" x="24" y="66" width="12" height="22" xoffset="0" yoffset="0" xadvance="14" page="0" chnl="15" />
<char id="113" x="36" y="66" width="12" height="22" xoffset="0" yoffset="0" xadvance="14" page="0" chnl="15" />
<char id="114" x="48" y="66" width="12" height="22" xoffset="0" yoffset="0" xadvance="14" page="0" chnl="15" />
<char id="115" x="60" y="66" width="12" height="22" xoffset="0" yoffset="0" xadvance="14" page="0" chnl="15" />
<char id="116" x="72" y="66" width="12" height="22" xoffset="0" yoffset="0" xadvance="14" page="0" chnl="15" />
<char id="117" x="84" y="66" width="12" height="22" xoffset="0" yoffset="0" xadvance="14" page="0" chnl="15" />
<char id="118" x="96" y="66" width="12" height="22" xoffset="0" yoffset="0" xadvance="14" page="0" chnl="15" />
<char id="119" x="108" y="66" width="12" height="22" xoffset="0" yoffset="0" xadvance="14" page="0" chnl="15" />
<char id="120" x="120" y="66" width="12" height="22" xoffset="0" yoffset="0" xadvance="14" page="0" chnl="15" />
<char id="121" x="132" y="66" width="12" height="22" xoffset="0" yoffset="0" xadvance="14" page="0" chnl="15" />
<char id="122" x="144" y="66" width="12" height="22" xoffset="0" yoffset="0" xadvance="14" page="0" chnl="15" />
<char id="32" x="0" y="88" width="12" height="22" xoffset="0" yoffset="0" xadvance="14" page="0" chnl="15" />
<char id="48" x="12" y="88" width="12" height="22" xoffset="0" yoffset="0" xadvance="14" page="0" chnl="15" />
<char id="49" x="24" y="88" width="12" height="22" xoffset="0" yoffset="0" xadvance="14" page="0" chnl="15" />
<char id="50" x="36" y="88" width="12" height="22" xoffset="0" yoffset="0" xadvance="14" page="0" chnl="15" />
<char id="51" x="48" y="88" width="12" height="22" xoffset="0" yoffset="0" xadvance="14" page="0" chnl="15" />
<char id="52" x="60" y="88" width="12" height="22" xoffset="0" yoffset="0" xadvance="14" page="0" chnl="15" />
<char id="53" x="72" y="88" width="12" height="22" xoffset="0" yoffset="0" xadvance="14" page="0" chnl="15" />
<char id="54" x="84" y="88" width="12" height="22" xoffset="0" yoffset="0" xadvance="14" page="0" chnl="15" />
<char id="55" x="96" y="88" width="12" height="22" xoffset="0" yoffset="0" xadvance="14" page="0" chnl="15" />
<char id="56" x="108" y="88" width="12" height="22" xoffset="0" yoffset="0" xadvance="14" page="0" chnl="15" />
<char id="57" x="120" y="88" width="12" height="22" xoffset="0" yoffset="0" xadvance="14" page="0" chnl="15" />
<char id="46" x="132" y="88" width="12" height="22" xoffset="0" yoffset="0" xadvance="14" page="0" chnl="15" />
<char id="44" x="144" y="88" width="12" height="22" xoffset="0" yoffset="0" xadvance="14" page="0" chnl="15" />
<char id="8220" x="0" y="110" width="12" height="22" xoffset="0" yoffset="0" xadvance="14" page="0" chnl="15" />
<char id="8221" x="12" y="110" width="12" height="22" xoffset="0" yoffset="0" xadvance="14" page="0" chnl="15" />
<char id="8216" x="24" y="110" width="12" height="22" xoffset="0" yoffset="0" xadvance="14" page="0" chnl="15" />
<char id="8217" x="36" y="110" width="12" height="22" xoffset="0" yoffset="0" xadvance="14" page="0" chnl="15" />
<char id="34" x="48" y="110" width="12" height="22" xoffset="0" yoffset="0" xadvance="14" page="0" chnl="15" />
<char id="39" x="60" y="110" width="12" height="22" xoffset="0" yoffset="0" xadvance="14" page="0" chnl="15" />
<char id="63" x="72" y="110" width="12" height="22" xoffset="0" yoffset="0" xadvance="14" page="0" chnl="15" />
<char id="33" x="84" y="110" width="12" height="22" xoffset="0" yoffset="0" xadvance="14" page="0" chnl="15" />
<char id="64" x="96" y="110" width="12" height="22" xoffset="0" yoffset="0" xadvance="14" page="0" chnl="15" />
<char id="95" x="108" y="110" width="12" height="22" xoffset="0" yoffset="0" xadvance="14" page="0" chnl="15" />
<char id="42" x="120" y="110" width="12" height="22" xoffset="0" yoffset="0" xadvance="14" page="0" chnl="15" />
<char id="35" x="132" y="110" width="12" height="22" xoffset="0" yoffset="0" xadvance="14" page="0" chnl="15" />
<char id="36" x="144" y="110" width="12" height="22" xoffset="0" yoffset="0" xadvance="14" page="0" chnl="15" />
<char id="37" x="0" y="132" width="12" height="22" xoffset="0" yoffset="0" xadvance="14" page="0" chnl="15" />
<char id="38" x="12" y="132" width="12" height="22" xoffset="0" yoffset="0" xadvance="14" page="0" chnl="15" />
<char id="40" x="24" y="132" width="12" height="22" xoffset="0" yoffset="0" xadvance="14" page="0" chnl="15" />
<char id="41" x="36" y="132" width="12" height="22" xoffset="0" yoffset="0" xadvance="14" page="0" chnl="15" />
<char id="43" x="48" y="132" width="12" height="22" xoffset="0" yoffset="0" xadvance="14" page="0" chnl="15" />
<char id="45" x="60" y="132" width="12" height="22" xoffset="0" yoffset="0" xadvance="14" page="0" chnl="15" />
<char id="47" x="72" y="132" width="12" height="22" xoffset="0" yoffset="0" xadvance="14" page="0" chnl="15" />
<char id="58" x="84" y="132" width="12" height="22" xoffset="0" yoffset="0" xadvance="14" page="0" chnl="15" />
<char id="59" x="96" y="132" width="12" height="22" xoffset="0" yoffset="0" xadvance="14" page="0" chnl="15" />
<char id="60" x="108" y="132" width="12" height="22" xoffset="0" yoffset="0" xadvance="14" page="0" chnl="15" />
<char id="61" x="120" y="132" width="12" height="22" xoffset="0" yoffset="0" xadvance="14" page="0" chnl="15" />
<char id="62" x="132" y="132" width="12" height="22" xoffset="0" yoffset="0" xadvance="14" page="0" chnl="15" />
<char id="91" x="144" y="132" width="12" height="22" xoffset="0" yoffset="0" xadvance="14" page="0" chnl="15" />
<char id="92" x="0" y="154" width="12" height="22" xoffset="0" yoffset="0" xadvance="14" page="0" chnl="15" />
<char id="93" x="12" y="154" width="12" height="22" xoffset="0" yoffset="0" xadvance="14" page="0" chnl="15" />
<char id="94" x="24" y="154" width="12" height="22" xoffset="0" yoffset="0" xadvance="14" page="0" chnl="15" />
<char id="96" x="36" y="154" width="12" height="22" xoffset="0" yoffset="0" xadvance="14" page="0" chnl="15" />
<char id="123" x="48" y="154" width="12" height="22" xoffset="0" yoffset="0" xadvance="14" page="0" chnl="15" />
<char id="124" x="60" y="154" width="12" height="22" xoffset="0" yoffset="0" xadvance="14" page="0" chnl="15" />
<char id="125" x="72" y="154" width="12" height="22" xoffset="0" yoffset="0" xadvance="14" page="0" chnl="15" />
<char id="126" x="84" y="154" width="12" height="22" xoffset="0" yoffset="0" xadvance="14" page="0" chnl="15" />
</chars>
</font>
